Country,SalesChannel,Partner,EmployeeId,Name,Email,ImportedOn
Luxembourg,Luxembourg,LuxembourgClient1,1000000,Employee Name,test.user1@jayasriltd.com,19/03/2019
Luxembourg,Luxembourg,LuxembourgClient1,2000000,Employee Name,test.user1@jayasriltd.com,19/03/2019
Luxembourg,Luxembourg,LuxembourgClient1,3000000,Employee Name,test.user1@jayasriltd.com,19/03/2019
Luxembourg,Luxembourg,LuxembourgClient1,4000000,Employee Name,test.user1@jayasriltd.com,19/03/2019
Luxembourg,Luxembourg,LuxembourgClient1,5000000,Employee Name,test.user1@jayasriltd.com,19/03/2019
Luxembourg,Luxembourg,LuxembourgClient1,6000000,Employee Name,test.user1@jayasriltd.com,19/03/2019
Luxembourg,Luxembourg,LuxembourgClient1,7000000,Employee Name,test.user1@jayasriltd.com,19/03/2019
Luxembourg,Luxembourg,LuxembourgClient1,8000000,Employee Name,test.user1@jayasriltd.com,19/03/2019
Luxembourg,Luxembourg,LuxembourgClient1,9000000,Employee Name,test.user1@jayasriltd.com,19/03/2019
Belgium,Belgium,BelgiumClient1,1000000,Employee Name,test.user1@jayasriltd.com,19/03/2019
Belgium,Belgium,BelgiumClient1,2000000,Employee Name,test.user1@jayasriltd.com,19/03/2019
Belgium,Belgium,BelgiumClient1,3000000,Employee Name,test.user1@jayasriltd.com,19/03/2019
Belgium,Belgium,BelgiumClient1,4000000,Employee Name,test.user1@jayasriltd.com,19/03/2019
Belgium,Belgium,BelgiumClient1,5000000,Employee Name,test.user1@jayasriltd.com,19/03/2019
Belgium,Belgium,BelgiumClient1,6000000,Employee Name,test.user1@jayasriltd.com,19/03/2019
Belgium,Belgium,BelgiumClient1,6000001,T6000001 Tester,Tester.6000001@jayasriltd.com,19/03/2019
Belgium,Belgium,BelgiumClient1,6000002,T6000002 Tester,Tester.6000002@jayasriltd.com,19/03/2019
Belgium,Belgium,BelgiumClient1,6000003,T6000003 Tester,Tester.6000003@jayasriltd.com,19/03/2019
Belgium,Belgium,BelgiumClient1,6000004,T6000004 Tester,Tester.6000004@jayasriltd.com,19/03/2019
Belgium,Belgium,BelgiumClient1,6000005,T6000005 Tester,Tester.6000005@jayasriltd.com,19/03/2019
Belgium,Belgium,BelgiumClient1,6000006,T6000006 Tester,Tester.6000006@jayasriltd.com,19/03/2019
Belgium,Belgium,BelgiumClient1,6000007,T6000007 Tester,Tester.6000007@jayasriltd.com,19/03/2019
Belgium,Belgium,BelgiumClient1,6000008,T6000008 Tester,Tester.6000008@jayasriltd.com,19/03/2019
Belgium,Belgium,BelgiumClient1,6000009,T6000009 Tester,Tester.6000009@jayasriltd.com,19/03/2019
Belgium,Belgium,BelgiumClient1,6000010,T6000010 Tester,Tester.6000010@jayasriltd.com,19/03/2019
Belgium,Belgium,BelgiumClient1,6000011,T6000011 Tester,Tester.6000011@jayasriltd.com,19/03/2019
Belgium,Belgium,BelgiumClient1,6000012,T6000012 Tester,Tester.6000012@jayasriltd.com,19/03/2019
Belgium,Belgium,BelgiumClient1,6000013,T6000013 Tester,Tester.6000013@jayasriltd.com,19/03/2019
Belgium,Belgium,BelgiumClient1,6000014,T6000014 Tester,Tester.6000014@jayasriltd.com,19/03/2019
Belgium,Belgium,BelgiumClient1,6000015,T6000015 Tester,Tester.6000015@jayasriltd.com,19/03/2019
Belgium,Belgium,BelgiumClient1,6000016,T6000016 Tester,Tester.6000016@jayasriltd.com,19/03/2019
Belgium,Belgium,BelgiumClient1,6000017,T6000017 Tester,Tester.6000017@jayasriltd.com,19/03/2019
Belgium,Belgium,BelgiumClient1,6000018,T6000018 Tester,Tester.6000018@jayasriltd.com,19/03/2019
Belgium,Belgium,BelgiumClient1,6000019,T6000019 Tester,Tester.6000019@jayasriltd.com,19/03/2019
Belgium,Belgium,BelgiumClient1,6000020,T6000020 Tester,Tester.6000020@jayasriltd.com,19/03/2019
Belgium,Belgium,BelgiumClient1,6000021,T6000021 Tester,Tester.6000021@jayasriltd.com,03/05/2019
Belgium,Belgium,BelgiumClient1,6000022,T6000022 Tester,Tester.6000022@jayasriltd.com,03/05/2019
Belgium,Belgium,BelgiumClient1,1000099,AcceptanceTestUser,AcceptanceTestUser@AcceptanceTest.com,07/05/2019
